num_regions,syscore_mem_mb,syscore_eps,odimdp_mem_mb,odimdp_eps
22500,7.203977999999999,0.12540238391976494,937.8560600280762,0.0069947193869403
10000,3.203178,0.15675911796408096,279.5073699951172,0.0106552929539174
360000,115.21117799999999,0.006014841579058791,59499.083766937256,0.0014165716505474
90000,28.806378,0.028783167902513458,7459.019401550293,0.002838414331493
2500,0.8023779999999999,0.2649969462710725,35.548179626464844,0.0203502215234081
